time,type,base-asset,quantity,quote-asset,total,fee,fee-currency
43991.51944,WITHDRAW,SOL,n/a,USDT,0.15892308,2.52678139,
2020-07-29T17:25:00Z,rebate, BTC ,(0.624140),USDC,1'465.90,"4.308,54",USD
2020-07-13T23:06:00Z,deposit, BNB ,(0.817021),USDC,4'626.96,3 423.07,USDT
1581855180000,fee,AVAX,"$2,142.17",USD,"4.987,69",-,USDT
1577894340,reward,DOGE,"$4,379.27",USDT,"3.809,81","$4,352.59",
44102.91597,loan,AVAX,"2.376,42",USDT,-,"1.059,00",NA
2020-02-09T10:42:00Z,DISTRIBUTION,DOGE,"3.616,77",USDT,(1.214994),0.95205767,USDC
2020-10-02T23:02:00,deposit,AVAX,,USDT,4 844.98,(0.831564),USDC
2020-02-19T21:29:00Z,STAKE,btc,$304.80,USDC,,"4.596,94",USD
2020/02/23 08:19:00,distribution,SOL,(1.193437),USDC,(3.227507),3.75932494,USDT
44023.22708,buy,AVAX,517.941474,USD,4'448.56,NA,USD
1580368320,dust,ETH,"3,455.101209",USDT,"4.172,98",2.14893927,BNB
2020/12/08 17:54:00,airdrop,BNB,n/a,USD,2'058.57,"$4,053.75",USD
1597589640000,deposit,ada,1 998.40,USD,4.69618631,"1.306,08",-
2020-10-03 02:02:00,transfer,ETH,3'115.78,n/a,"$3,598.77","$3,334.47",USDC
43884.03125,CONVERT, BNB ,2'577.26,USDC,466.95,1 552.10,USD
44141.74306,Fee,AVAX,NA,USD,606.801782,"3.337,89",
1590867660000,convert,ADA,"1.598,55",-,(0.754162),n/a,USDC
1583139900000,fee,ADA,1 944.29,USD,(0.825232),"4.903,61",USDT
2020-01-15 20:09:00,dust,ETH,,USD,n/a,343.10,USDT
2020-03-29T03:35:00,withdraw,BNB,128.40,USD,1'876.54,2 960.49,USD
04-03-2020 02:32:00,interest,XRP,"$4,827.37",USDT,4 598.09,NA,
2020/10/21 11:25:00,convert, ADA ,NA,USDC,(3.600376),(1.201627),USDC
2020/08/03 17:16:00,convert,SOL,2 679.32,USD,,3 622.93,
2020-08-09T05:54:00Z,buy, DOGE ,0.92182651,USD,4.30861621,2.00354320,
08-12-2020 04:18:00,dust,DOT,3 700.45,USDT,,NA,USD
44195.43264,DUST,BNB,357.058470,USD,2 975.22,-,USDC
1587973020,convert,BNB,"$2,211.15",USD,2'926.65,,BNB
2020-03-29T10:04:00,buy,AVAX,$937.92,USD,(2.492471),"1.017,80",USD
20-02-2020 20:01:00,interest,BNB,1'459.31,USD,(4.173621),-,USD
1601839740000,interest,matic,(2.717155),USD,4'348.01,1 914.86,USDC
1601762880,Interest,BTC,"4,354.666147",USDC,"$3,907.63",3'463.53,USDT
2020-05-11 02:43:00,deposit,ETH,502.545197,USDC,4.51712128,$280.61,BNB
2020-12-17T20:40:00Z,buy,DOGE,(0.789887),USD,"$4,938.26","$2,121.55",USDC
44055.95764,sell,DOGE,"1,150.599654",USD,3'104.46,3'837.36,USD
1602857760,rebate,ADA,(4.123451),USDT,1 475.71,0.57585739,USD
2020-12-24T17:14:00Z,REBATE, BTC ,"2.807,04",USDC,316.09,3'505.39,USDC
2020-09-18T04:16:00,stake,eth,"$4,695.27",USD,n/a,"2,223.484852",BNB
04-04-2020 15:46:00,DUST,bnb,"4.149,09",USDC,1 079.76,3 871.85,
1607993280000,SELL,ETH,"2.241,38",USDC,"2.519,20",,BNB
1606390080000,distribution,DOT,(2.527760),USDC,3 508.90,"4.388,53",USD
1597512360,deposit,MATIC,"2.932,33",USDT,(3.350070),3 326.71,USDC
2020-10-18T20:12:00Z,fee,avax,NA,USDC,"1,337.245951","$3,812.05",BNB
20-12-2020 08:31:00,deposit,BNB,0.24882196,NA,(3.309697),"2,070.924548",
31-10-2020 03:43:00,DUST,-,"$3,340.24",USDC,4.30882319,2.29877665,BNB
2020-06-21T01:05:00Z,deposit,ADA,"1,665.349782",USDC,"3.166,13","$4,529.61",BNB
24-02-2020 00:34:00,interest,DOT,3 122.61,USDC,(1.580701),-,BNB
1587842220,sell,dot,3.02503312,USDC,4 054.84,"3.571,58",USD
2020-04-03T01:21:00Z,commission,DOT,"2,913.701746",USDT,1'551.17,"1.959,80",USDT
43951.54167,STAKE,ETH,"4.175,60",USDC,n/a,"3.090,16",USDC
1608094500,loan,SOL,(2.852101),USD,(1.408866),"2,093.309947",USD
2020-12-10 00:44:00,Dust,DOGE,(2.074490),USD,NA,0.14094745,BNB
2020/09/13 21:54:00,reward,ETH,"3.194,76",USDT,(0.554298),"82,19",
1580647740,buy,DOGE,"$4,905.20",USDT,1.78547581,3'664.71,USDT
29-08-2020 16:48:00,INTEREST,SOL,(1.550386),USDT,"$2,715.16",NA,BNB
2020-11-21T14:09:00,convert,XRP,"4,975.490873",USDT,1.60606393,(1.478207),n/a
2020-11-19T06:24:00Z,airdrop,BNB,"2,190.869743",USDC,"$3,892.58",n/a,
2020-09-09T23:41:00Z,convert,SOL,(4.582395),USDC,0.67865073,(4.493396),USDT
1603699740000,transfer,SOL,,USD,"2.337,03",4.42123339,BNB
27-02-2020 10:10:00,airdrop,BNB,4 341.06,USD,765.085804,-,BNB
29-07-2020 22:22:00,distribution,DOT,0.14187716,USDT,n/a,(3.834797),
2020-06-29 18:50:00,distribution,MATIC,"1.852,71",USD,1.20869689,1.23960193,USDT
2020-06-29 18:50:00,distribution,MATIC,"1.852,71",USD,1.20869689,1.23960193,USDT
07-04-2020 12:40:00,deposit, AVAX ,"$1,075.73",USD,n/a,4'411.70,USDC
2020-01-29 08:04:00,convert,DOT,0.64332567,USDC,"$3,974.49","1,828.038210",USD
43850.40347,reward,AVAX,"$3,543.70",USDC,$83.19,-,BNB
2020-02-15 08:26:00,stake,SOL,"3,502.607550",USDT,n/a,"2,064.806419",USDC
1585522440000,convert,SOL,"$1,492.50",USDT,3'524.51,,
2020-12-09T23:51:00Z,loan, AVAX ,"3,480.859542",USD,"3,704.457475","3.349,17",USD
2020-07-29T18:48:00,,BTC,1'161.11,USDT,"4,683.347532",4.18802607,USDC
1604767140,CONVERT,BNB,"1,286.331828",USDC,n/a,2 838.91,USD
2020/09/24 15:17:00,distribution,DOT,"1,797.766857",USDT,$591.13,3'430.37,BNB
2020-11-17T17:43:00Z,transfer,DOT,"$2,640.87",USDT,2.82084797,n/a,
2020-05-11 01:24:00,reward,XRP,"3.729,02",USD,2'118.49,,USDT
2020/10/03 04:20:00,stake,MATIC,"2.686,30",USDT,4 893.62,n/a,BNB
2020/07/29 15:14:00,fee,ETH,,USDC,"4,361.063367","2,011.332731",
18-04-2020 15:46:00,fee,ADA,"2,958.339695",USDT,(2.136009),n/a,USDC
2020/02/22 23:59:00,dust,BNB,1'016.69,USD,"$2,248.94",NA,USDT
1594310820,transfer,ETH,"2,394.609593",USDC,(3.518846),2 760.40,BNB
44188.24028,fee,BTC,"$2,920.16",USD,(1.649333),"1.228,66",BNB
44182.85833,n/a,,,USDC,"4,212.725159",NA,USDT
2020-01-24T01:43:00Z,withdraw,SOL,1 262.10,USDT,(1.865264),,USD
2020-10-17T00:43:00Z,sell,DOT,"$4,620.80",USD,2.81755369,4.25213950,USD
1601474580000,deposit,MATIC,1.16072770,USDT,"3.845,03",3.86777685,n/a
,commission,,n/a,USDT,3.80673484,(0.936967),
2020-08-09T20:17:00,convert,DOGE,(2.173387),USDT,"$3,913.34",1'232.96,USDC
2020-09-22T19:06:00Z,stake,DOT,(1.570923),USDC,1'457.25,NA,USD
2020-10-31T14:20:00,dust,BNB,"1,263.415898",USDC,3.94538593,,USDC
1587338820,commission,MATIC,493.041807,USD,"2.593,99","$1,105.17",USDC
2020-06-26 14:41:00,transfer,MATIC,(3.609972),USD,1 501.33,$112.94,USDT
44022.03958,transfer,XRP,NA,USD,3 761.63,2 886.74,
2020-05-06 03:29:00,reward,DOT,"1,565.935592",USDT,,"1.942,32",USD
2020-12-26T16:13:00Z,loan,DOGE,"2,219.264276",USD,154.31,163.485107,
2020-11-07 18:45:00,Dust,SOL,$161.16,USD,(4.083645),586.94,USD
2020/08/22 13:02:00,reward,ADA,3.39649979,USDC,(3.750473),4 962.43,USD
2020/11/08 20:33:00,deposit,ADA,(1.845362),USDC,12.38,(0.465717),BNB
19-09-2020 11:03:00,Sell,DOGE,4.28825942,USDT,2'139.00,"$4,410.74",USD
1597569120,WITHDRAW,BNB,-3'399.92,USDC,602.98,0.66088443,USD
2020/04/11 19:42:00,airdrop,SOL,"4.599,47",USDC,4.29981402,0.70007431,
-,reward,dot,1'958.76,USDC,NA,,
1598412120000,commission,AVAX,2'011.39,USD,"$3,080.24",,
1588359180,Dust,BTC,"3,290.265222",USD,3'539.51,,BNB
2020/01/09 22:44:00,deposit,AVAX,,USD,786.56,n/a,USDT
2020-11-28T14:13:00,distribution,ETH,2.51020969,USDC,4.02169205,(0.344641),BNB
2020-02-13 14:44:00,Fee,BTC,3.17971284,USDT,7.32,"$3,690.42",USDT
2020-05-27 14:39:00,withdraw,XRP,311.423695,USDT,"$1,304.96",1 964.77,BNB
05-08-2020 14:37:00,reward,ETH,3 430.28,USDT,"3,016.516400",1.63897502,USD
2020-08-29T10:15:00Z,Withdraw,SOL,2'002.92,USDT,2 930.60,,NA
2020-06-30T10:10:00,convert,BNB,3'084.89,USDT,"2.059,97",(0.438617),USD
2020/02/10 17:04:00,distribution,BTC,-,USD,"3,834.213174",500.68,USD
2020/06/18 09:23:00,,BTC,"4.737,79",USDC,4 741.84,(4.408133),
1588814640,stake,AVAX,1'867.96,USD,$505.17,4'879.30,USDC
2020-08-20 15:59:00,commission, DOT ,1 591.09,USDT,"1.104,48",-,
2020-08-02T17:54:00,BUY, XRP ,(2.465415),USDT,1 876.74,4'320.25,USD
23-07-2020 23:58:00,loan,XRP,"4,448.767454",USDC,n/a,949.93,
43966.86528,LOAN,BNB,409.69,USDC,(3.924385),3.30520366,
2020-01-26 06:55:00,dust,DOT,4 203.99,USDT,4'828.14,"2,374.127192",USDC
2020-11-01T12:56:00Z,dust, BNB ,4 554.02,USDC,(1.940502),"4.283,12",USDC
2020-06-21T23:59:00,rebate,ada,(2.860120),,n/a,3'091.23,USDC
1597428960000,Fee,DOGE,"2,083.869471",NA,(4.567165),3 797.47,BNB
2020-07-07T08:24:00Z,convert,DOGE,4'615.37,USDC,n/a,2 230.52,USDC
2020/07/02 11:59:00,dust,BTC,"3.236,86",USD,"1.118,86",1'527.31,BNB
1603278420,reward,ETH,4'941.80,USD,1'384.43,"$4,461.87",USD
1589372460,transfer,sol,3'924.49,USDC,"1,500.981141","4,382.475157",BNB
2020-11-29 04:38:00,DUST,DOT,"356,09",USDC,"3.403,49",270.32,USD
2020-11-29 04:38:00,DUST,DOT,"356,09",USDC,"3.403,49",270.32,USD
2020/08/22 15:04:00,NA,BNB,"3,898.764484",USD,(3.167441),2.38700661,USDT
2020-06-02T18:49:00,reward,avax,2'168.33,USDC,,942.14,USDC
1586484360000,withdraw,BTC,"2.083,88",USDT,"3,509.344056",NA,USDC
2020-04-18T14:29:00Z,rebate,ADA,-,USDT,(3.441023),13.70,USDT
2020-07-14T09:02:00Z,airdrop,ADA,1'563.54,USD,4.25623099,NA,USD
43926.14028,Airdrop,BTC,(4.556135),,-,"3.895,82",USDT
44172.72569,distribution,dot,(3.633263),USDT,(3.381481),n/a,USDT
43981.62431,INTEREST,MATIC,3.72619737,USDT,"2.061,70",4 129.55,
18-03-2020 21:17:00,Interest,SOL,4 149.42,USDT,2'609.93,NA,USDC
2020-05-06 10:45:00,withdraw,DOGE,(4.780952),USD,,"2.164,06",USDC
1596136440,commission,ADA,"690,91",USD,"$3,742.14","$2,739.03",
27-04-2020 04:32:00,loan,XRP,"$4,206.95",USDC,2.11193762,126.370454,USDT
43978.88333,fee, AVAX ,"$3,921.54",USD,(0.234909),4'783.51,BNB
2020-01-30 02:00:00,reward,eth,3.67540008,USDT,"2.142,54",804.65,BNB
2020-12-11T18:43:00,distribution,BNB,(2.525707),USDC,"$2,017.09","$1,066.78",n/a
2020-01-06T08:06:00Z,commission,ADA,"$4,110.55",USDT,(2.543683),NA,BNB
1606240740000,dust,-,,USDC,0.43761361,1.25954749,
2020-09-28T16:55:00,deposit,DOGE,(3.303619),-,1'099.34,,BNB
1598670120,STAKE,ADA,"3.354,89",USDT,"4.256,94","$2,748.33",USDT
1605877860,stake,MATIC,$843.21,USD,1'107.64,"$1,383.41",USD
2020-07-30 21:34:00,deposit,BTC,"4.063,21",USDC,2.95018566,"2.717,35",USDC
1590863880,stake,bnb,"3,297.069941",,"$2,417.52",-,USD
43932.19306,airdrop,XRP,4.49113411,USD,"1,881.650142",1 764.50,BNB
2020-04-16T22:39:00,distribution,DOGE,"1,053.527648",USDC,"2,054.501927",,
2020-11-26T04:57:00Z,deposit,DOT,852.84,USD,"713,57",909.43,
2020/11/08 08:33:00,loan,DOT,2 657.15,USDT,"2,411.209853",2.69643454,USDC
1597729560000,convert,sol,(4.383833),USDT,27.36,2.88993995,
2020-04-27T19:34:00Z,transfer,AVAX,(2.795474),USD,"$1,533.27","1,990.654778",USDT
43958.62847,deposit,DOGE,320.411641,USDC,3'045.15,-,
1599755040,sell,BTC,1'379.69,USDT,"2.930,40",,USDT
2020-12-01T11:40:00,deposit,MATIC,"4.783,55",USDT,2'874.47,(1.885408),USD
43969.47569,buy,ADA,1'994.66,USDT,380.153342,"1.767,70",BNB
1595487600000,withdraw,DOGE,,USDC,"$4,240.05","2.461,71",BNB
44027.17708,airdrop,ETH,1.57826317,USDC,NA,$503.75,
44060.90556,stake,SOL,"4.020,44",USDT,"1,904.423102",n/a,USDT
44185.98194,convert,AVAX,1.28858155,USDC,1'755.46,"994,80",
2020-05-01 20:05:00,commission,ETH,"$1,141.10",USDT,"3.552,17",(1.356248),BNB
2020-05-04T05:35:00,loan,BTC,4.98006870,USD,776.38,"1,949.237142",USD
2020-08-09T01:19:00,NA,DOGE,(4.386470),n/a,"$3,197.64","2,408.263597",USDT
16-07-2020 23:11:00,Rebate,XRP,3'574.69,USD,,NA,
1609214700,transfer,BNB,0.11066421,USDT,(0.625205),,USDT
1597491000,convert,BTC,(3.573415),USDT,2'214.81,995.91,USDT
2020-06-30 02:44:00,transfer,SOL,75.35,USDC,598.26,NA,USDC
2020/12/22 20:58:00,fee,AVAX,"4,027.628828",USDC,-,0.67366952,USDC
2020/10/09 03:53:00,interest, ADA ,3.61,USDC,3.66829137,"1.820,38",USD
,STAKE,ETH,159.10,USD,"3.289,61",2.95150866,BNB
44091.66042,sell,ADA,-4'802.93,USDT,"1,926.661588",1'243.82,USD
1606012620000,,AVAX,2'061.72,USD,"3.629,34",(2.728136),
2020/10/18 02:58:00,convert,AVAX,2.85806344,USDC,n/a,"1.324,95",USD
2020-10-05T12:26:00,Reward,XRP,"$4,609.36",USDT,(4.085710),602.71,n/a
2020/10/14 20:41:00,deposit,ADA,(1.680848),USD,(0.246565),(1.992641),USD
1590417900,dust, MATIC ,2.96938981,USDT,$846.28,(4.950796),
1579015260000,distribution,ETH,,USD,"1.059,38",(1.293297),
44195.56250,convert,MATIC,,USDT,1'903.51,n/a,USDC
1592163300000,fee,avax,3 128.97,USD,"$4,720.68",(1.708937),USD
1589439540,transfer,ada,n/a,USDC,4 545.01,"4,665.150402",BNB
1607350440,stake,ETH,"3.812,24",USDT,"3.028,03",1'160.92,USDT
2020-10-14T00:16:00,fee,SOL,4 635.52,-,3 439.32,(1.233927),
1586367540000,reward,ADA,1.47210568,USD,(4.518379),2'258.50,
2020-09-01 01:55:00,airdrop, ETH ,"$2,247.00",USDT,3'536.40,"2,558.337141",USDC
2020/01/05 18:52:00,stake,BTC,(0.061049),USDC,2.71751036,"2,467.339047",NA
2020-01-27T02:21:00Z,reward,ETH,"4,968.675966",USDT,3'055.45,"2.861,42",
2020-01-27T02:21:00Z,reward,ETH,"4,968.675966",USDT,3'055.45,"2.861,42",
2020-09-14 16:02:00,dust,SOL,,USDC,3.14489671,3 443.27,BNB
1596747000,Withdraw,ETH,(3.997824),USDC,n/a,3.18752134,USD
2020-08-17T17:48:00,loan,BTC,(0.776940),USDC,"$2,684.84",4'070.83,USDT
2020/08/08 08:49:00,airdrop,XRP,4 322.97,,4'289.10,-,USDT
1583336700,reward,bnb,4'690.12,USDT,1.02594350,"3.568,39",USDT
2020/07/25 06:27:00,transfer,AVAX,"$3,355.62",USD,,n/a,USD
44169.89097,interest,ada,3'564.50,USD,392.74,2.83895083,USDC
21-02-2020 15:29:00,distribution,BTC,(1.757211),USDT,"$1,411.29",0.63697874,USDC
2020-11-20 04:43:00,dust,XRP,"2,722.638956",USDC,3'348.03,(2.870946),USDT
1605209040,Liquidity,DOT,3'785.39,USDC,(2.656284),"2,235.804371",
1600522140000,REBATE,BTC,2'950.82,USDT,n/a,"1,056.088261",USDC
1594794540000,dust,DOT,n/a,USD,"$2,250.23",2.12386504,
43838.85208,convert, ETH ,(0.442241),USDC,3'318.69,,
21-07-2020 07:45:00,reward,dot,"2,365.807928",NA,"$3,281.60","$3,121.59",USDC
2020-07-11T12:38:00Z,fee,AVAX,-422.02,USDT,(2.479746),(1.189745),USD
1595004660,Convert,BTC,2'244.11,USD,2.65127181,,BNB
2020-01-18T06:11:00Z,distribution,BNB,3 364.01,USD,"2.056,25",-,BNB
2020-07-06 09:16:00,commission,DOT,"$3,478.27",USDT,3.30239263,"$4,613.48",USDC
2020-11-20T16:21:00,transfer,bnb,719.37,USDC,3.06983532,3.57700443,USDT
2020-10-18T17:15:00,loan,XRP,"3.926,91",USDC,1'922.13,,
2020-10-10T02:12:00Z,commission,ada,533.85,USDC,424.32,0.94733058,
2020-04-05T01:18:00,withdraw,AVAX,4'351.00,USD,4.62407981,2.44447868,USDC
2020-06-04T06:29:00,loan,DOT,"$1,013.21",USDT,4'910.96,604.02,
2020/04/02 09:36:00,Sell,DOT,0.07816148,USD,,"$2,968.66",USDC
2020-07-20T06:54:00,deposit,ADA,"2,788.556440",USD,2.65099980,"4.313,66",
1605844080,reward,ADA,(4.450399),USD,,879.45,USDT
2020-04-09T09:32:00Z,Fee,BTC,(4.639436),USD,"2,288.706388","4,877.779701",BNB
2020-06-10 22:50:00,airdrop,AVAX,(4.284870),-,n/a,1'395.86,USDC
43848.77708,CONVERT,BTC,"4,749.669979",USDC,1.19531959,n/a,USD
2020-02-07T13:07:00Z,distribution,ADA,-,USD,3 972.40,"$3,102.28",USDT
43920.35417,loan,DOT,"3,725.086123",USDC,"4.489,67",1.38573390,BNB
43927.13889,Deposit, ETH ,0.89406731,USDT,NA,752.498839,
27-04-2020 02:00:00,distribution,AVAX,"1,520.418651",USDC,1 532.48,"$2,421.22",USDT
43936.86528,interest,BNB,$173.46,USDT,(0.739730),$813.00,USDT
2020/05/22 02:29:00,stake, DOGE ,3.65820529,USD,"$2,754.80",,USD
2020/03/04 18:53:00,loan,DOT,"$4,542.24",USDC,(3.579822),"$1,864.16",BNB
2020/04/09 16:58:00,stake,DOT,1 516.16,-,"1.677,09",(0.442251),BNB
1608087900000,convert, DOGE ,(4.463434),USDT,4'533.97,$596.78,USDC
2020-05-21 03:09:00,airdrop,BNB,"$3,466.42",USD,(1.363359),4.77578224,BNB
1585024920000,Rebate,BNB,1 407.10,USDT,"1,701.572053",NA,
2020/01/31 23:02:00,DISTRIBUTION,eth,3'471.22,USDT,626.729652,2 124.03,
2020/01/11 04:23:00,transfer,SOL,146.305288,USDT,NA,"802,80",
2020-07-28T21:54:00,airdrop,ETH,(4.906506),USDT,1.13777879,(1.571408),USDT
2020-05-02T20:39:00Z,DUST,DOGE,63.94,USDC,(0.525868),3.38259656,USD
2020-03-13T12:41:00,convert,XRP,-,USD,"2,557.077461",$540.19,USDC
44105.03958,loan,SOL,"$2,451.26",USD,"4.047,41",4.76290295,USDC
1595750040,loan,DOT,"2.768,92",USDC,2 379.56,$278.70,USDC
1606856280000,dust, MATIC ,"3,306.203417",USD,1.56050452,$327.51,USDT
04-02-2020 14:40:00,Loan,MATIC,"$3,824.52",USD,(1.497611),3 177.22,USDT
2020-01-14 13:06:00,loan,MATIC,1 509.24,USDT,"$3,317.29","2.011,51",
2020-07-28 00:28:00,dust,BTC,"2,312.438802",USDC,"$3,426.54",2 051.31,USDT
16-08-2020 13:53:00,dust, BTC ,$682.16,USDT,"1.388,87",NA,USDC
04-06-2020 21:49:00,withdraw,DOT,4.42282547,USDC,1 567.06,1'949.76,USD
2020-09-21T05:21:00Z,convert,BNB,"$1,838.70",,,,USD
26-04-2020 18:12:00,airdrop,MATIC,169.42,USDC,(3.897286),2 064.81,NA
07-04-2020 05:15:00,STAKE,ADA,554.149890,USD,4 848.32,"650,47",USDC
2020-05-03T21:06:00Z,n/a,AVAX,(1.143544),USDC,"3,506.308758",,USDC
2020-11-29T14:59:00Z,,DOT,1'414.84,USDT,901.86,"$1,450.97",USD
2020-04-06T07:01:00,sell,SOL,4 983.70,USD,3.74121172,,
2020-12-23 17:38:00,withdraw,BNB,(4.174022),USD,"4.384,68",n/a,BNB
2020-06-03T15:53:00,LOAN,AVAX,562.46,USD,0.61827993,1 420.59,USD
2020-06-03T15:53:00,LOAN,AVAX,562.46,USD,0.61827993,1 420.59,USD
2020-08-24 14:18:00,withdraw,DOT,-768.89,USDT,-,2.97102535,BNB
1583901600,Commission,BNB,1 424.69,USD,$770.68,2 161.80,BNB
13-12-2020 18:51:00,dust,eth,4'866.36,USDT,"3,431.185817",2'636.40,
44059.60833,Dust,dot,2 927.84,USD,569.69,3 930.89,USDC
1600549860000,convert,ETH,0.02924529,USD,-,2'025.46,
2020/06/25 16:15:00,stake,XRP,2.69291729,USDC,(2.317133),582.302933,USDC
2020-12-10T16:10:00Z,REWARD,avax,4 676.41,USDC,NA,"$2,110.03",
2020-12-17 15:06:00,distribution,DOGE,(3.614978),USDT,4'165.41,(1.801284),USD
2020-09-15T16:17:00,rebate,MATIC,"4.139,75",USDC,,569.855327,USDT
44152.50347,interest,ETH,3 048.28,USDT,4.11805290,0.83523982,USD
44129.04931,fee,DOGE,856.32,USD,1'803.22,"3.766,03",USDC
1597001100,distribution,-,3'795.96,USD,"754,77",,BNB
2020-09-05 02:19:00,-,XRP,"421,41",USDT,3'625.50,"2.602,35",BNB
1586661000000,Rebate,ETH,(3.684296),USD,1'180.49,2'827.99,
1608657660000,DEPOSIT,BNB,390.37,USD,"2.941,20","4.360,08",USDC
2020-01-21 08:56:00,LOAN,AVAX,,USD,"604,34",2.61389227,BNB
2020-08-24T19:33:00Z,dust,ADA,(1.689123),USDC,"3.600,17",692.62,USDC
43968.91319,deposit,-,"$3,857.98",NA,"618,92",,
2020-03-06 06:22:00,distribution,BTC,(0.116326),USD,"120,29",n/a,USDT
2020/10/23 17:28:00,convert,-,"3.760,67",USDT,"2.543,11",0.57541571,BNB
n/a,transfer,BNB,840.949978,USD,"2.118,77",(0.005015),
43984.37153,withdraw,AVAX,1 054.26,USD,"$3,410.51",4'898.20,NA
2020-01-07T03:20:00Z,loan,AVAX,3.24548989,USDT,,"$3,361.23",USDC
2020-05-21 02:22:00,fee,DOGE,-,USD,"3,534.842963",-,USDT
44170.75764,Reward,AVAX,(2.800584),USDC,-,4.71537169,BNB
31-08-2020 10:21:00,buy,SOL,372.211090,USDC,1.64612988,(0.483640),USDC
2020-11-10T10:56:00Z,interest,DOGE,4.87262815,USDC,4'450.42,NA,USDT
2020-05-20 23:39:00,buy,DOGE,"$3,096.16",USD,3.37888374,"1,640.975063",USDT
1581293940000,dust,MATIC,"2,705.723120",USD,n/a,"4.851,36",
1598711880000,distribution,XRP,2 271.52,USD,,(3.466106),
2020-10-02T22:09:00Z,REBATE, SOL ,4'426.91,USD,"4,237.672444",107.47,BNB
2020-08-02 05:12:00,dust,ETH,4 620.78,USDT,2'662.78,2'997.75,USD
1594737000000,loan,DOT,1'940.59,USDT,"1.871,34","$1,609.12",
1609161060,commission,,0.67166023,USD,"2,594.108415","2.326,27",BNB
1599663000000,FEE, BTC ,$983.24,NA,3 842.42,"3,528.216132",
43838.04931,interest,DOGE,"1,565.381037",USD,(4.709649),"2.249,87",USDT
2020-12-11T17:20:00Z,buy, BTC ,"$4,763.19",USDT,"3.995,73",(1.954436),USD
44135.67917,BUY,XRP,"1.455,53",USD,"287,28",n/a,USDC
2020-01-29T11:03:00Z,reward,AVAX,1.37721213,USDC,2 228.66,"4.037,83",BNB
43989.20000,Fee,XRP,3.29540360,USD,"4,728.437350",789.67,
44169.05278,transfer,DOGE,3'472.43,USDT,(1.718295),1.98337767,BNB
1584321960000,WITHDRAW, XRP ,"3,817.947599",NA,889.71,,USD
1590885600000,buy,SOL,1.10284705,USDC,"4,152.255028","220,07",USDT
2020-10-09 22:40:00,deposit,ADA,219.704274,USDC,(3.837728),"509,08",
2020/08/03 23:43:00,commission, SOL ,-,USDC,,3 689.57,USD
2020-11-18T02:49:00,sell,XRP,3'752.76,USDC,"1.211,25",NA,USD
1600477680000,transfer,ETH,1'557.32,USD,"2.120,09",(1.426772),USD
2020-05-18T01:57:00,,ADA,"2,764.265156",USDC,(2.318262),(2.810715),USDT
2020/06/28 16:59:00,dust,ETH,811.82,USD,NA,(2.548047),BNB
1597231140000,Airdrop,XRP,4.87072821,USD,(0.944124),2'134.36,BNB
2020-05-12T12:24:00Z,commission,BTC,0.00790287,USDT,(2.089204),"3,665.213849",USD
,withdraw,bnb,"$1,888.65",USDT,NA,3.36402623,USDT
30-03-2020 11:44:00,distribution,SOL,1.89218471,USD,4 365.39,-,USDC
07-10-2020 05:53:00,DISTRIBUTION,BTC,"2.221,54",USDC,3 696.03,-,
2020/07/23 03:36:00,INTEREST,ETH,"1,204.515659",USD,4'721.05,-,USDT
2020-03-04T20:19:00Z,distribution,DOT,1'716.14,USDC,3'625.14,2 809.50,USDC
,buy,DOT,(1.940734),USDC,1'825.13,631.55,
2020-06-12T21:24:00,reward,ETH,(3.532614),USD,"$1,078.53",1 883.55,BNB
09-02-2020 09:52:00,commission,DOGE,"1.955,32",USD,"1,411.827592",2.74005468,USD
1599150480000,buy,DOT,"4,942.421054",n/a,4'913.50,4.62992742,BNB
2020-03-09 20:26:00,deposit,XRP,2.22559695,USD,(0.413194),"4,542.393166",USDT
2020-03-26 10:25:00,commission,BTC,,USD,319.67,3 568.75,USDT
2020-03-26 10:25:00,commission,BTC,,USD,319.67,3 568.75,USDT
1597543020,SELL,ADA,858.02,USD,NA,,BNB
2020/07/15 04:06:00,transfer,ADA,"2.110,08",USDT,"1,908.917747",$416.28,USDC
2020-03-17T11:03:00Z,FEE,ETH,$329.81,USDC,"3,890.356975",1.12883509,USDT
2020-04-23 05:24:00,withdraw, BNB ,1'947.82,USD,"3.943,74",(4.248152),
2020-02-27T20:55:00Z,Interest,DOGE,"4.763,08",USDC,4 406.94,3.17817988,BNB
2020-06-26T20:09:00,dust,BNB,3'425.61,USD,(3.489413),NA,-
2020-08-09T23:06:00,loan,matic,3 395.32,USDT,,"$2,415.63",NA
2020-07-15T05:32:00Z,dust,ETH,0.76856179,USDC,34.56,NA,BNB
2020-10-10 03:37:00,stake,MATIC,-,,4.91464368,2 750.62,USD
2020/05/11 22:29:00,reward,ETH,"762,49",USD,1.40570137,NA,USDC
1593392700,sell,AVAX,,USD,2'549.32,,BNB
2020-10-06T15:44:00Z,rebate,ETH,3 414.81,USDT,1'656.07,"3.714,66",
1585242780000,Withdraw,MATIC,4'948.22,USD,NA,1 262.64,
43837.45208,transfer, XRP ,4.35127990,USD,(3.753641),"1.951,24",BNB
2020-07-11 06:24:00,REWARD,ADA,3'953.11,USDT,"4,947.681451",$7.01,
2020-10-14 23:13:00,buy,DOT,3'440.58,USDT,"3.131,15","4,084.236980",BNB
2020-03-13 23:42:00,loan,BNB,"1,550.808003",USDC,,,USDC
2020-07-13T18:08:00Z,-,BTC,4 091.28,USDT,(1.011616),4 461.95,NA
1589265300000,commission,ETH,0.55068717,USD,1.40907854,,USDT
1602078000,deposit,BNB,(0.738909),USDC,(3.927733),(0.565829),BNB
NA,dust,AVAX,"2,681.067449",USDC,(2.904824),3 882.97,USD
2020-04-25T04:16:00,dust, SOL ,586.19,n/a,1.88731014,2.12354946,USDT
26-11-2020 19:24:00,reward,MATIC,"$3,476.24",USD,300.01,NA,
2020/11/04 21:48:00,transfer,BTC,"4.112,53",USDT,386.06,1'565.96,USDC
1578391800,buy,ada,3.19194842,USDT,"425,21",2 818.70,USDC
2020-04-12 13:45:00,withdraw,BNB,1 910.56,USDT,NA,2'315.54,USDT
43894.47292,Dust,XRP,3.05194006,USDT,(2.834509),,USD
1597587660,convert,ADA,0.70224481,USD,"$2,441.30",,
1602828360000,BUY,XRP,"4,269.147415",USDT,2.31139824,"2.342,45",USDC
03-11-2020 23:04:00,stake,bnb,"2.841,04",USDC,312.01,(2.150554),USD
2020/01/08 05:33:00,CONVERT,XRP,"1,484.531943",USD,(2.095511),3'919.29,USDC
2020/01/27 13:38:00,stake,BNB,568.04,USD,2.60346328,4 716.62,USD
2020-09-01T12:59:00Z,buy,MATIC,1 534.83,USDT,3'496.59,"$2,070.27",BNB
24-01-2020 18:20:00,reward,eth,519.07,USDT,-,,
2020-01-20 02:41:00,interest,xrp,"3.910,98",USDT,"$4,398.04",(4.513366),USD
2020-07-08 11:51:00,Commission,BTC,(4.696959),USDC,$868.59,2.18701356,
2020-01-17T20:24:00Z,stake,MATIC,"$4,489.55",USDT,4'202.29,3 930.24,NA
2020-01-23T21:38:00Z,loan,XRP,"3,128.417528",USDT,"$1,876.28","2,254.398138",USD
10-09-2020 19:24:00,buy,AVAX,"$1,081.54",USDC,"$1,084.80",417.22,USD
1600058280,Commission,DOT,1'029.17,USD,(4.414288),"$1,358.38",
43986.66389,rebate,eth,"2,146.939708",USDT,363.21,$725.21,USDT
2020/10/05 18:55:00,deposit,XRP,"$1,588.92",USDC,(0.248308),(4.951299),USDT
44162.01597,sell,BTC,"$4,149.25",USDT,(3.768464),,USDC
1598574360000,dust,ETH,4 061.41,USDT,4'947.83,1 298.45,USDT
2020/06/25 11:49:00,dust,ETH,2'889.43,USDC,1 402.72,"$1,129.16",BNB
2020-11-04 02:06:00,distribution,ADA,"770,00",USDC,$650.31,,
2020/11/03 17:16:00,interest,eth,"2,157.373869",USDC,"$2,154.25",n/a,BNB
28-07-2020 17:02:00,withdraw,BTC,"$1,193.84",USDT,3'101.11,"1,964.433196",BNB
2020/12/21 13:47:00,DEPOSIT,DOGE,,USDT,$887.58,853.63,USDT
2020-01-16 02:14:00,distribution,MATIC,"$2,432.47",USDC,"$4,138.75",4 456.86,
2020-05-18T18:29:00,Deposit,ETH,(3.394011),USD,"4,380.465440","$3,395.34",USDC
2020-03-30T21:11:00,buy,,,USD,"$3,321.60",$323.09,USDT
07-08-2020 22:13:00,stake,SOL,403.598884,USD,n/a,(3.392505),USDC
44129.74097,n/a,DOGE,3 912.03,USDC,(0.693058),2'519.08,BNB
1608149700,Reward, BNB ,2 314.04,USD,2.30110916,n/a,USDT
2020-05-28T18:17:00Z,stake,BNB,3.59571302,USD,"3,118.323375",,USD
30-07-2020 04:44:00,convert,DOGE,2'161.77,USDC,NA,"3,287.330240",
1587815040,buy,ETH,2.90269456,USDC,"4.466,11","$4,540.54",USD
2020-07-07 18:18:00,distribution,BNB,(3.292223),USD,(4.196629),NA,USD
2020-09-29T13:45:00,loan,sol,527.167992,USDC,(1.920423),$309.64,USDT
1582386000,reward,BNB,"4,043.363003",USD,121.23,,USD
,stake,doge,"4.369,89",USD,"$3,911.94",-,USD
2020/02/15 09:16:00,sell,ETH,4.58695751,USDC,-,1 672.71,USDT
2020/02/15 09:16:00,sell,ETH,4.58695751,USDC,-,1 672.71,USDT
1590196980000,deposit, doge ,0.20871447,USDT,"$1,126.23",1 517.10,USD
NA,Interest,MATIC,2.18262979,USD,0.45996313,3 737.38,
2020-03-17T00:08:00,Deposit,SOL,4 067.13,USD,-,1'463.42,USD
1601925120000,STAKE,DOGE,4.76522530,USDC,$168.79,1.50207123,
44040.29167,distribution,ADA,136.74,USDC,(2.170386),4 642.83,USDT
2020-07-11 14:46:00,convert,,"$3,856.70",USDT,"1.973,01","$1,343.74",
2020-08-19T01:49:00,deposit,ADA,"2,474.649687",USD,"734,52",,USDT
44103.85903,WITHDRAW,AVAX,,USDT,(0.356975),,
2020-10-31T10:28:00Z,rebate,XRP,NA,USDC,4.98910428,"4,793.126249",
1606105020000,fee,MATIC,"-3,740.943915",USDT,(4.788043),"1.759,93",USDT
2020-12-08T03:24:00Z,reward,ETH,"2,525.134640",USDT,3 163.15,(0.899587),USDT
44128.73333,Rebate,SOL,1 684.05,USDC,"2.957,39",,USDT
06-11-2020 16:56:00,stake,DOT,(3.247027),USDC,883.62,4.72384105,USD
2020-05-02T22:54:00,DISTRIBUTION,ETH,"2,194.589333",USD,"4.588,47",4'622.58,BNB
1585181940,dust,AVAX,1.47471496,USDT,4.59591916,"$2,161.34",USDT
2020/06/09 08:26:00,deposit,MATIC,4 661.84,USDT,"952,00",4.38786888,USDT
17-06-2020 20:37:00,TRANSFER,AVAX,(0.890583),USDC,3'066.89,(3.188577),
2020-06-20T00:28:00,reward,DOGE,"2,124.332171",USD,,"1,990.452568",USDC
2020-08-28 01:38:00,convert,n/a,1 699.21,USD,-,"2,862.532758",
1584304800000,rebate, bnb ,"$3,589.11",NA,n/a,"2,764.760321",USDT
18-01-2020 01:30:00,Deposit,XRP,,USDT,759.25,1 955.63,
44100.29583,loan,AVAX,(0.086072),USDC,4 757.29,n/a,
43983.35208,loan,DOT,-,USDT,"$1,557.28",182.56,
1604162340000,,ETH,0.06813247,USD,2.18801192,-,USDC
2020-05-10 12:11:00,transfer,MATIC,NA,USDC,4'635.40,"4,639.208969",NA
2020-07-22 21:06:00,fee,btc,"4.103,77",USDT,1 836.38,"1.273,75",USD
26-08-2020 04:18:00,loan,BTC,456.70,USDT,(0.716675),1.61669615,USD
1599622680000,bonus,ADA,(2.186222),USDC,3'944.83,4'498.81,BNB
43853.15556,TRANSFER, ETH ,2.51397175,USD,$167.65,1'991.48,BNB
2020-08-18 10:53:00,stake,BNB,4.17032381,USDT,,"$4,289.45",USD
2020-12-05T12:20:00Z,Deposit,BNB,0.86293442,USDC,"993,43",3 176.50,USDT
1586689620,buy,matic,"3,621.386586",USD,3 404.46,"3,779.165159",BNB
1590906180,rebate,AVAX,"3,435.202496",USD,,"2,689.748541",USDC
2020-03-13 23:15:00,withdraw,BNB,(2.934108),USD,n/a,3 147.36,USDT
-,fee,MATIC,"3,392.782423",USDC,"4.504,33",-,BNB
2020-09-29T12:37:00,rebate,BNB,NA,USD,$860.35,NA,USD
1592649600,withdraw,matic,n/a,USDT,(2.122968),1'734.34,
1584234600000,distribution,-,1'555.47,USD,n/a,"1.991,09",
2020/07/06 18:01:00,interest,DOGE,"$2,675.13",USDC,(0.894206),n/a,USDT
2020-03-09 20:46:00,convert,ADA,$893.65,USDT,"$2,233.86","$2,978.90",USDT
1582846440000,INTEREST,BTC,3 619.05,USDT,1'909.57,n/a,USDC
04-04-2020 11:50:00,loan, XRP ,"$3,891.55",USD,(0.228720),,USDT
1588551060000,interest,DOT,"2.378,02",USD,n/a,"4,113.145286",USDC
1586140440000,rebate,MATIC,"147,83",USD,"3.121,33",4.97912924,BNB
44125.15903,commission,MATIC,"$2,996.25",USDT,3'151.38,4 801.20,n/a
1583581500,n/a,XRP,"3,182.088011",USD,2.51681124,3.66074265,BNB
2020/04/25 23:23:00,transfer,ADA,n/a,USDT,(3.418359),(3.983770),
2020-03-22 09:33:00,buy,BTC,4'141.54,USD,1'816.87,(3.146345),USDC
21-09-2020 03:03:00,loan,ADA,2 223.37,USD,"$1,289.62","3,806.616076",
2020-09-07 15:34:00,reward,ADA,"4.254,60",USDC,"$2,921.18",2 542.96,
2020/06/15 07:04:00,Commission,MATIC,"$1,121.56",USDT,3.64381181,(1.782514),
2020-07-21T01:15:00Z,deposit,BTC,"$1,239.87",USD,913.43,1'141.71,USDC
43912.20903,loan,AVAX,"3,169.532170",USDT,(2.209496),-,
2020-12-27 00:31:00,loan,ada,"$1,245.12",USD,2'515.32,"4,886.145214",USDC
1587740700,withdraw,SOL,1.60008610,USD,"4,637.758212",772.996704,USD
28-11-2020 16:43:00,NA,ADA,"$4,146.16",USD,n/a,(0.028373),USDT
2020-02-13T04:38:00Z,interest,ETH,(1.627422),USDT,2.96470541,1'950.32,USDC
1597607520,dust,BNB,0.99997954,USDC,"1.639,22","1.303,60",BNB
44069.16458,convert,btc,(2.053901),USDT,3 990.49,"4.564,91",BNB
44078.44167,DUST, DOGE ,0.95444537,USDC,,4'446.78,USD
2020-05-12T05:27:00Z,,DOT,2'661.83,USDC,"3.849,64",4'466.22,
2020-05-12T05:27:00Z,,DOT,2'661.83,USDC,"3.849,64",4'466.22,
1590792060000,dust,SOL,(0.136492),USDT,4.74006900,3'719.71,USD
1584150360,rebate,matic,4 925.76,USD,"2.389,90",-,USDT
1596294060,Loan,matic,"1.245,00",USDT,,3 475.35,USDT
1580783880000,withdraw,btc,2 018.28,USD,1 605.37,,USDC
43901.19444,interest,AVAX,3'016.36,USD,-,"4,514.415723",BNB
2020-04-15T17:55:00,commission,DOT,1'253.36,USDT,(1.643136),NA,BNB
15-05-2020 16:10:00,loan,SOL,(4.853899),USDC,"1.074,19",2'199.32,BNB
1589343720000,dust,AVAX,4 875.44,USDT,"$2,752.33",(1.738128),USDC
1587421020000,stake,AVAX,,USDC,"1.152,13",793.76,USD
1593109200000,stake,ADA,3'541.71,USDT,"4.615,26",,USDC
2020-11-26 20:38:00,stake,BNB,1'637.35,USDC,1.55580984,"2,992.236512",USDC
1605067500000,interest,BNB,3 972.28,USDC,2.61420131,"3.016,58",BNB
2020-10-05T14:11:00,convert,ETH,"4,029.959387",USDT,(1.106948),,USDC
1579377420,commission, BTC ,(2.201231),USD,(2.613832),3 140.60,USDC
1583449560,fee,BTC,4 954.88,USD,2 792.39,(1.609413),BNB
2020-08-03 16:32:00,loan,XRP,"$3,536.98",USDT,"$2,188.85","$4,796.54",USDT
43850.19375,rebate,XRP,3 681.41,USDT,2.85053821,1 124.13,USDT
1594436340000,loan,XRP,(2.840433),USDC,(2.592862),(4.443022),BNB
43869.73958,fee,DOT,4'587.40,USDT,1 567.43,"$1,139.13",
1597022400,STAKE,ADA,4.48264575,USDC,2'454.05,(0.666793),USD
1585373040,sell, MATIC ,"4.886,77",USDC,806.044485,3 007.63,USD
1581579540,withdraw,,,USDC,1'133.21,1 698.61,-
28-03-2020 14:05:00,Rebate,BNB,(0.884650),USDC,"4,398.360926",NA,USDT
2020-03-12T22:18:00Z,commission,ETH,"$1,691.73",USDC,(4.801936),"$2,021.43",USDT
2020-02-10T03:12:00,interest,ADA,2.17569977,USDC,"$2,456.20","$3,048.32",USDC
2020-08-21T05:49:00Z,reward,matic,-,USDC,,3.40567012,
1595006220000,commission,MATIC,NA,USD,"$3,108.82","2.114,21",BNB
16-10-2020 23:07:00,Commission,BNB,0.35263107,USDC,(4.511087),,BNB
43934.95347,loan,AVAX,546.728380,USDT,-,3 812.71,USDT
2020-11-15T13:50:00,distribution,ADA,1'003.25,USDT,-,1.45903508,USD
2020-06-12T11:44:00,dust,btc,"$3,620.40",USDC,0.71744095,0.02951798,
1579175640000,fee,DOT,"4,939.887519",USD,"4,397.222762","3,185.469700",USDC
44095.63056,commission,XRP,(2.219470),USD,1'689.01,"3,616.541319",USD
2020/10/19 15:18:00,DUST,AVAX,(4.685611),USDT,2'214.91,"2,836.968854",BNB
44156.21597,sell,ETH,,USDT,$449.74,753.023176,BNB
1579113780,Dust,DOGE,"3,449.821661",USDC,"3,319.348811",0.48535370,USD
2020-10-31 04:30:00,REBATE,ADA,747.44,USDC,985.67,NA,
1594859520000,Distribution,DOGE,"2,756.375055",USDC,4.63272651,(0.096071),USD
2020-06-21T12:55:00Z,loan,,423.99,USD,4.30739707,NA,USDT
43971.27500,withdraw,BTC,"4,590.011677",USDC,4.75696009,"3,428.008133",USDT
